Word,Frequency
yarn,2114
container,1556
application,1126
node,1014
resource,985
queue,979
use,830
support,788
user,731
service,696
add,634
hadoop,617
scheduler,602
cluster,594
run,593
app,588
need,579
request,441
new,431
log,417
server,387
would,365
client,350
file,341
change,341
make,334
job,331
apache,330
org,327
api,326
time,322
nodemanager,321
capacity,321
jira,318
code,318
allow,312
one,309
create,307
base,302
configuration,294
java,294
currently,275
get,273
set,270
state,265
provide,265
label,263
start,262
scheduling,253
like,249
could,248
type,238
allocation,237
task,237
work,233
timeline,224
memory,224
local,224
event,217
different,216
docker,213
implement,211
info,209
store,207
list,207
datum,205
well,204
process,202
also,201
policy,199
enable,198
launch,197
implementation,196
case,194
allocate,192
rest,192
restart,190
fair,189
class,184
call,180
per,179
level,179
may,176
propose,176
current,175
heartbeat,172
share,172
preemption,172
information,171
issue,170
example,169
multiple,169
exist,166
cpu,165
way,161
resourcemanager,160
require,160
submit,158
web,157
fail,156
entity,154
hdfs,154
update,152
track,152
manager,151
long,148
framework,144
feature,143
name,142
default,141
write,141
specify,141
design,139
introduce,139
handle,139
config,138
want,138
token,136
able,136
gpu,135
interface,135
priority,134
attempt,133
kill,129
etc,128
large,126
take,126
limit,126
configure,124
system,123
host,123
mechanism,122
cache,122
specific,121
available,118
without,118
umbrella,118
federation,117
thread,117
value,117
number,116
follow,115
improve,115
instead,114
first,113
sub,112
return,112
problem,112
directory,111
via,110
single,110
storage,109
reservation,109
disk,109
many,108
common,107
instance,107
separate,106
order,106
send,106
mapreduce,106
placement,105
move,105
stop,104
parent,104
load,104
aggregation,104
flow,103
non,103
root,103
component,103
two,103
method,102
however,102
give,102
access,101
check,101
possible,99
part,97
test,97
logic,97
address,97
manage,95
key,95
read,94
define,93
apis,92
include,92
query,92
solution,92
management,91
core,90
option,89
path,89
usage,88
security,88
since,88
scenario,88
router,86
command,86
cause,86
dir,85
today,85
mapping,85
try,85
cgroup,84
running,84
functionality,83
executor,83
see,83
good,82
capacityscheduler,82
still,82
consider,82
image,82
even,81
proxy,81
upgrade,81
operation,81
filter,80
high,80
opportunistic,80
relate,80
similar,79
active,79
size,78
preempt,78
performance,78
rack,78
extend,77
hbase,77
every,77
map,77
already,76
assign,76
register,76
back,75
schedule,75
let,75
complete,75
control,75
remove,74
constraint,74
protocol,73
find,73
mode,73
metric,73
collector,72
might,72
distribute,72
failure,71
attribute,70
increase,70
expose,70
easy,70
group,69
port,69
utilization,68
help,68
version,68
detail,67
place,67
end,67
xml,67
table,66
fairscheduler,66
property,65
master,65
within,65
wait,65
delay,65
side,65
auto,65
requirement,64
think,64
approach,64
across,64
ability,64
aggregate,64
cli,64
know,63
error,63
proposal,63
device,63
point,63
connection,63
color,63
reduce,62
maximum,62
behavior,62
guarantee,62
keep,62
network,62
response,62
useful,62
delete,62
result,61
come,61
monitor,60
simple,60
controller,60
patch,60
fix,60
object,60
put,59
look,59
ipc,58
runtime,58
admin,57
multi,57
generic,57
environment,57
another,57
execute,56
pluggable,56
status,56
retry,56
hard,56
locality,56
parameter,56
additional,55
discussion,55
avoid,55
context,55
rpc,55
endpoint,55
finish,54
project,54
tag,54
history,54
cost,54
containermanager,53
either,53
plugin,53
mean,53
old,53
jar,53
script,53
certain,52
isolation,52
build,52
step,52
creation,52
noformat,52
max,52
layer,52
become,52
leaf,52
lot,52
format,51
report,51
minimum,51
much,51
preserve,50
native,50
capability,49
rule,49
recover,49
nms,49
domain,49
modify,49
submission,49
prevent,49
small,49
serve,48
perform,48
field,48
lock,48
failover,48
execution,48
recovery,47
doc,47
conf,46
module,46
several,46
block,46
directly,46
shutdown,45
blacklist,45
secure,45
addition,45
machine,45
second,44
reader,44
lose,44
page,44
reserve,44
happen,44
amount,44
present,44
registry,44
receive,44
clean,44
must,44
acls,44
resourcerequest,43
please,43
decommission,43
document,43
improvement,43
message,42
interval,42
processing,42
percentage,42
pool,42
site,42
ensure,41
effort,41
due,41
algorithm,41
dynamically,41
never,41
accept,41
vcore,41
sort,41
solve,40
pende,40
less,40
model,40
writer,40
future,40
linux,40
delegation,39
basic,39
sls,39
note,39
ask,39
location,39
something,39
lead,39
important,38
real,38
always,38
next,38
connect,38
child,38
necessary,38
identify,38
thing,38
record,38
daemon,38
lifecycle,38
decision,37
remote,37
low,37
async,37
atsv,37
deploy,37
exception,37
pass,37
exit,37
ticket,37
view,37
plan,37
setup,37
workload,37
show,36
discuss,36
right,36
spark,36
setting,36
expect,36
depend,36
filesystem,36
count,36
home,36
scale,36
window,36
global,36
copy,36
purpose,35
space,35
tool,35
static,35
auxiliary,35
say,35
dynamic,35
reason,34
provider,34
continue,34
disable,34
true,34
localization,34
health,34
release,34
choose,34
attach,34
enough,33
trigger,33
function,33
whether,33
structure,33
inside,33
acl,32
source,32
full,32
communication,32
later,32
rather,32
weight,32
absolute,32
general,32
public,32
enforce,32
activity,32
worker,31
unit,31
invoke,31
webapp,31
aware,31
generate,31
maintain,31
hierarchy,31
contain,31
demand,31
library,31
localize,31
localizer,31
phase,31
slow,31
achieve,31
threshold,31
fine,31
particular,31
amrmproxy,31
tmp,30
refactor,30
init,30
period,30
turn,30
timeout,30
fast,30
explicitly,30
automatically,30
shuffle,30
assume,29
main,29
partition,29
total,29
determine,29
compute,29
integrate,29
asyncdispatcher,29
big,29
nice,29
consume,29
various,29
appropriate,29
enhance,29
parse,29
describe,28
util,28
amrmclient,28
validate,28
handler,28
target,28
session,28
fetch,28
initial,28
validation,28
diagnostic,28
upon,28
along,28
platform,28
zero,28
idea,28
sense,28
resolve,28
internal,28
entire,28
overall,28
duplicate,27
switch,27
catalog,27
transition,27
publish,27
shell,27
open,27
calculation,27
primary,27
likely,27
leverage,27
mark,27
input,27
seem,27
balance,27
slider,27
zookeeper,27
external,27
concept,27
refer,27
flexible,27
debug,27
override,26
potentially,26
especially,26
independent,26
display,26
url,26
replace,26
reuse,26
false,26
cleanup,26
lifetime,26
initialize,26
account,26
miss,26
definition,26
subcluster,26
profile,26
decide,26
roll,26
namenode,26
bad,25
around,25
yarnclient,25
difficult,25
term,25
situation,25
close,25
unnecessary,25
null,25
startup,25
tez,25
flush,25
discovery,25
ifile,25
individual,25
apply,25
min,25
cfs,24
completion,24
hang,24
net,24
physical,24
administrator,24
far,24
otherwise,24
break,24
pre,24
link,24
enhancement,24
applicationmaster,24
bring,24
least,24
handling,24
dns,24
impact,24
workflow,24
ams,24
limitation,24
fpga,24
actually,24
decrease,24
nmtoken,23
configurable,23
reservationsystem,23
production,23
http,23
throughput,23
length,23
package,23
upload,23
driver,23
unhealthy,23
simulator,23
simplify,23
thus,23
listener,23
exclusive,23
expression,23
progress,23
bind,23
post,23
json,23
authentication,23
retrieve,23
ranger,22
sure,22
dispatcher,22
prefix,22
impl,22
merge,22
belong,22
renew,22
cycle,22
therefore,22
free,22
affect,22
abstraction,22
trace,22
whole,22
entry,22
collect,22
win,22
index,22
live,22
easily,21
volume,21
talk,21
resync,21
original,21
persist,21
outside,21
string,21
headroom,21
database,21
overhead,21
goal,21
benefit,21
last,21
action,21
skip,21
privilege,21
download,21
reject,21
nodelabel,21
previous,21
top,21
comment,21
classpath,21
topology,21
potential,21
nvidia,21
critical,20
remain,20
match,20
short,20
custom,20
authorization,20
decommissioning,20
latency,20
abstractservice,20
leveldb,20
chain,20
deployment,20
timelineservice,20
fairness,20
final,20
optional,20
inform,20
ideally,20
delegationtokenrenewer,20
meet,20
private,20
late,20
normal,20
interceptor,20
accord,20
mawo,20
three,20
line,20
vendor,20
dfs,20
drive,19
privileged,19
utilize,19
rout,19
simply,19
standby,19
arbitrary,19
convert,19
select,19
output,19
correspond,19
enforcement,19
candidate,19
alternative,19
early,19
relative,19
though,19
pick,19
namespace,19
quite,19
related,19
obtain,19
split,19
servlet,19
actual,19
unique,19
binary,19
associate,19
opt,19
properly,19
linuxcontainerexecutor,19
isolate,19
reach,19
variable,19
occur,19
data,18
rmnode,18
developer,18
save,18
relevant,18
signal,18
ideal,18
invocation,18
asynchronous,18
hold,18
complex,18
grain,18
scalable,18
abstract,18
ignore,18
consistent,18
concurrent,18
rolling,18
notify,18
virtual,18
leave,18
world,18
sometimes,18
schema,18
focus,18
affinity,17
hence,17
section,17
desire,17
permission,17
understand,17
manner,17
cover,17
hook,17
spec,17
agent,17
idle,17
fifo,17
valid,17
fragment,17
optimize,17
uis,17
finished,17
scope,17
leafqueue,17
backend,17
sync,17
cross,17
applicationid,16
force,16
loop,16
life,16
webservice,16
proper,16
pull,16
availability,16
empty,16
notion,16
special,16
secret,16
throw,16
shut,16
mount,16
csi,16
template,16
stateless,16
factor,16
registration,16
webapps,16
push,16
problematic,16
rely,16
lookup,16
decouple,16
soon,16
retrie,16
comparison,16
busy,16
respect,16
fact,16
tell,16
previously,16
kick,16
principal,16
basis,16
grid,16
among,16
together,16
ats,16
efficient,16
childq,16
care,15
ssd,15
basically,15
quota,15
yarnrm,15
federationinterceptor,15
sequence,15
yet,15
cloud,15
assignment,15
often,15
tracking,15
nodestatusupdaterimpl,15
graceful,15
deal,15
cve,15
converter,15
minute,15
simulate,15
restrict,15
search,15
offline,15
logical,15
helper,15
figure,15
aggregated,15
dev,15
submitapplication,15
preference,15
redirect,15
organization,15
coprocessor,15
doas,15
dedicated,15
really,15
succeed,15
couple,15
description,15
correct,15
snapshot,14
satisfied,14
immediately,14
mapper,14
com,14
forward,14
mention,14
buffer,14
strategy,14
terminate,14
env,14
quickly,14
additionally,14
trunk,14
starve,14
development,14
recur,14
modification,14
kind,14
helpful,14
scalability,14
bin,14
architecture,14
warn,14
supply,14
trust,14
dmapreduce,14
behave,14
collection,14
represent,14
initialization,14
calculate,14
membership,14
random,14
specifically,14
metadata,14
htrace,14
bundle,14
parser,14
usercache,14
great,14
resourcelocalizationservice,14
following,14
possibly,14
applicationclientprotocol,14
unmanaged,14
satisfy,14
text,14
hierarchical,14
hive,13
responsible,13
suggest,13
standalone,13
temporary,13
suffix,13
unless,13
summary,13
newly,13
vulnerability,13
browser,13
speed,13
sleep,13
parallel,13
auxiliaryservice,13
winutil,13
argument,13
outstanding,13
whose,13
header,13
aggregator,13
refactoring,13
advantage,13
software,13
containerid,13
robust,13
expensive,13
simulation,13
involve,13
review,13
ext,13
relatime,13
communicate,13
intend,13
experience,13
effective,13
monitoring,13
clear,13
lce,13
runc,13
standard,13
traffic,13
compaction,13
ocontainer,13
else,13
commit,13
beyond,13
evaluate,13
bit,13
extension,13
threadpool,13
png,13
rate,13
centralized,13
migration,13
timelineclient,13
encapsulate,12
transparently,12
develop,12
maybe,12
removal,12
prefer,12
huge,12
tensorflow,12
executiontype,12
incompatible,12
fairshare,12
owner,12
forever,12
eventually,12
successfully,12
reload,12
refresh,12
safe,12
keytab,12
transfer,12
flexibility,12
indicate,12
services,12
piece,12
hit,12
testing,12
frequently,12
mem,12
lang,12
regard,12
oom,12
increment,12
branch,12
distinguish,12
usability,12
rmstatestore,12
infrastructure,12
wrap,12
equivalent,12
accomplish,12
bandwidth,12
detect,12
ahs,12
apiserver,12
rmwebservice,12
join,12
day,12
appear,12
zkrmstatestore,12
raw,12
stateful,12
whenever,12
lib,12
datatable,11
appid,11
msg,11
combination,11
scan,11
behind,11
append,11
retention,11
although,11
hide,11
highpriorityqueue,11
exclude,11
reclaim,11
gracefully,11
incoming,11
locally,11
cap,11
feedback,11
flex,11
mapre,11
efficiently,11
offer,11
optionally,11
interaction,11
credential,11
generalize,11
question,11
compatibility,11
direct,11
fully,11
webui,11
minimize,11
periodically,11
secondary,11
completely,11
hour,11
federated,11
bootstrap,11
unknown,11
stage,11
thought,11
raise,11
ratio,11
automatic,11
watcher,11
ordering,11
face,11
socket,11
crash,11
pair,11
federationstatestore,11
effectively,11
internally,11
recently,11
hostname,11
stat,11
box,11
flag,11
thousand,11
super,11
deep,11
extract,11
wildcard,11
capture,11
chargeback,11
clientrmservice,11
concern,11
perhaps,11
row,11
reducer,11
subsystem,11
stream,11
batch,11
propagate,11
form,11
bug,11
globally,11
challenge,10
anti,10
resize,10
reasonable,10
cmd,10
jun,10
reboot,10
primarily,10
unify,10
oozie,10
plain,10
aim,10
specification,10
thank,10
schedulingplacementset,10
essentially,10
gpg,10
stderr,10
rangeryarnauthorizer,10
waste,10
correctly,10
trivial,10
leader,10
treat,10
drain,10
heavy,10
applicationsubmissioncontext,10
round,10
significantly,10
stable,10
adjust,10
integration,10
engine,10
payload,10
rmnodeimpl,10
param,10
ready,10
rmapp,10
clusterb,10
iterate,10
stick,10
utility,10
story,10
effect,10
suggestion,10
item,10
wce,10
rmproxy,10
leak,10
locate,10
queueable,10
maintenance,10
complicated,10
randomly,10
federate,10
timelinereader,10
recommend,10
detailed,10
azure,10
echo,10
observe,10
jquery,10
learning,10
discover,10
wrapper,10
towards,10
aux,10
sensitive,9
difference,9
checker,9
fallback,9
nmclient,9
optimization,9
half,9
central,9
delegate,9
possibility,9
expiry,9
hundred,9
finally,9
containersmonitorimpl,9
probably,9
authenticate,9
encounter,9
dominant,9
tfile,9
launcher,9
realize,9
semantic,9
comparator,9
hardware,9
gap,9
alpha,9
eliminate,9
exceed,9
compatible,9
testre,9
condition,9
category,9
independently,9
interested,9
stdout,9
rmappmanager,9
operate,9
loading,9
hand,9
refreshqueue,9
typically,9
abuse,9
underlie,9
die,9
fill,9
content,9
instal,9
compare,9
vector,9
boolean,9
average,9
schedul,9
prototype,9
documentation,9
desirable,9
opportunity,9
remember,9
commons,9
datanode,9
impala,9
rich,9
rmadmin,9
kerbero,9
del,9
usually,9
containermanagerimpl,9
localdirallocator,9
cardinality,9
catch,9
whitelist,8
python,8
curator,8
respectively,8
initially,8
solr,8
act,8
jvm,8
containertoken,8
generation,8
appcatalog,8
appname,8
fsconfigtocsconfigconverter,8
except,8
nodeid,8
migrate,8
significant,8
wish,8
phoenix,8
portion,8
intra,8
extra,8
restriction,8
statistic,8
centralize,8
frequency,8
reference,8
range,8
dispatch,8
separately,8
cfg,8
route,8
deletion,8
protection,8
rangerpluginconfig,8
establish,8
limited,8
pack,8
tree,8
unable,8
broadcast,8
reconnect,8
containerlaunchcontext,8
dynoyarn,8
regardless,8
fatal,8
subsequent,8
throttle,8
reset,8
responseid,8
hint,8
yarnconfiguration,8
synchronize,8
fit,8
backing,8
latter,8
team,8
specified,8
logaggregation,8
attack,8
jmx,8
composite,8
fall,8
dummy,8
reverse,8
everything,8
style,8
respond,8
pattern,8
initiate,8
interactive,8
mortbay,8
dag,8
matter,8
callback,8
disabled,8
overwrite,8
building,8
retain,8
username,8
medium,8
edit,8
processor,8
protect,8
aspect,8
characteristic,8
differentiate,8
ycluster,8
abstractqueuedsynchronizer,8
filtering,8
commonscollection,7
tar,7
clearly,7
creator,7
origin,7
wireup,7
overload,7
miniyarncluster,7
similarly,7
src,7
generally,7
moment,7
occupy,7
concurrently,7
rackresolver,7
opencl,7
customize,7
feel,7
practice,7
calculator,7
publisher,7
proceed,7
shufflehandler,7
factory,7
somewhat,7
lack,7
experiment,7
gpus,7
inter,7
interrupt,7
awareness,7
expire,7
diagnosis,7
parentqueue,7
restore,7
extensible,7
unified,7
queuea,7
deadlock,7
highly,7
carry,7
expansion,7
instantiate,7
authorize,7
expand,7
demon,7
background,7
natural,7
regular,7
notification,7
rid,7
anyone,7
distribution,7
week,7
proportionalcapacitypreemptionpolicy,7
successful,7
minor,7
sec,7
power,7
generator,7
believe,7
resend,7
agnostic,7
tie,7
continuous,7
granularity,7
cosmosdb,7
spread,7
jhs,7
sla,7
appmaster,7
adhoc,7
writable,7
mainly,7
demonstrate,7
consumption,7
fromid,7
pressure,7
statestore,7
getter,7
setter,7
constructor,7
suffer,7
usergroupinformation,7
audit,7
maxresource,7
legacy,7
interpret,7
retrospect,7
beneficial,7
area,7
people,7
websocket,7
normally,7
hope,7
subset,7
facilitate,7
putentitie,7
timelinecollector,7
nodeupdate,7
resourcehandler,7
pbimpl,7
fileinputstream,7
containerexecutor,7
destination,7
computation,7
detection,7
assumption,7
little,7
exploit,7
declare,7
timestamp,7
understanding,7
jiras,7
applicationmasterservice,7
perfect,7
escape,7
corresponding,7
finalize,7
cancel,7
admission,7
bottleneck,7
dependent,7
away,7
dependency,7
meanwhile,7
plug,7
connectexception,7
logdeletiontask,7
zkconfigurationstore,7
fwywnozs,6
logaggregationfilecontrollerfactory,6
produce,6
reproduce,6
administer,6
naming,6
containerscheduler,6
logs,6
joe,6
queuemetric,6
windows,6
mix,6
purge,6
rmappmangager,6
criccomi,6
repo,6
aliyun,6
jnl,6
matching,6
advanced,6
fsconfigtocsconfigargumenthandler,6
gather,6
transparent,6
embed,6
rmwebproxy,6
implicitly,6
xxx,6
pipeline,6
arrive,6
compound,6
particularly,6
beta,6
auditproviderfactory,6
inject,6
synthetic,6
negotiate,6
filenotfoundexception,6
charge,6
notice,6
putentitiesasync,6
date,6
rangerbaseplugin,6
authorizer,6
kerberos,6
past,6
revisit,6
gain,6
instantaneous,6
sum,6
maximize,6
reconfigure,6
autocreationeligibility,6
protobufrpcengine,6
conversion,6
near,6
appschedulinginfo,6
subject,6
compositeservice,6
mandatory,6
clusterid,6
healthy,6
verify,6
diagram,6
storm,6
measure,6
spend,6
cumbersome,6
checksum,6
scheme,6
import,6
paas,6
evaluation,6
definitely,6
mis,6
consistency,6
alive,6
starvation,6
loss,6
login,6
staging,6
grant,6
destroy,6
refactore,6
aggregatedlogdeletionservice,6
feasible,6
room,6
behalf,6
subclusterid,6
exactly,6
amrm,6
overview,6
pid,6
till,6
documentstore,6
print,6
fsdownload,6
outcome,6
slave,6
invalid,6
queuetype,6
creationmethod,6
recognize,6
footprint,6
txt,6
mixed,6
intermediate,6
heterogeneous,6
slf,6
pause,6
revert,6
community,6
promote,6
synth,6
schedulingrequest,6
friendly,6
none,6
behaviour,6
suppose,6
caller,6
election,6
examine,6
relaxation,6
strict,6
inherit,6
compression,6
renewer,6
perspective,6
interact,6
compile,6
inconsistency,6
begin,6
linkedblockingqueue,6
adaptive,6
populate,6
scanner,6
asynchronously,6
relaunche,6
readiness,6
identical,6
responsibility,6
adaptor,6
void,6
fault,6
replicate,6
everyone,6
renewal,6
byte,6
applogaggregator,6
bound,6
conflict,6
folk,6
planning,6
sequential,6
race,6
solaris,6
truly,6
html,6
actively,6
dyarn,6
cgroupshandlerimpl,6
member,6
historyserver,6
stack,6
zdw,6
nodehealthcheckerservice,5
metricssystemimpl,5
dockerimagescommand,5
abstractyarnscheduler,5
scripting,5
assigncontainer,5
whatever,5
nearly,5
equal,5
numa,5
quick,5
bulk,5
ahead,5
dead,5
sophisticated,5
iop,5
compete,5
party,5
persistent,5
tcp,5
intensive,5
costly,5
light,5
furthermore,5
vrushali,5
mutation,5
minimal,5
dominate,5
federationclientinterceptor,5
surface,5
nodegroup,5
originally,5
sible,5
continuously,5
planner,5
mask,5
rebuild,5
inconvenient,5
simultaneously,5
responder,5
usr,5
construct,5
serious,5
analysis,5
pay,5
interest,5
respective,5
libjar,5
amrmtoken,5
prior,5
appattempt,5
consist,5
runner,5
svg,5
duplication,5
taskattempt,5
indefinitely,5
pending,5
terminal,5
fairly,5
iteration,5
getting,5
cpus,5
clone,5
express,5
redundant,5
ssh,5
stay,5
blacklisting,5
mitigate,5
consolidate,5
uam,5
exchange,5
exec,5
nest,5
spot,5
tooling,5
serialization,5
mtab,5
obviously,5
typical,5
cgroupslceresourceshandler,5
ten,5
ioexception,5
motivation,5
accordingly,5
attention,5
ceiling,5
pcore,5
protobuf,5
timelineschemacreator,5
estimate,5
success,5
comma,5
visualizer,5
nature,5
counter,5
gang,5
adopt,5
dfsclient,5
rewrite,5
compose,5
moreover,5
uri,5
lowpriorityqueue,5
percent,5
compress,5
artifact,5
card,5
collapse,5
quote,5
resume,5
logaggregationservice,5
hoc,5
title,5
charset,5
mysql,5
convention,5
underlying,5
exact,5
schedulernode,5
getnode,5
predict,5
maxrunningapp,5
datamap,5
queuename,5
moveapplicationacrossqueue,5
stuff,5
associated,5
usecase,5
updatethread,5
risk,5
plus,5
ease,5
placementrule,5
permit,5
adminservice,5
relax,5
getapp,5
ugi,5
manual,5
zkcuratormanager,5
attacker,5
invariant,5
analogous,5
operator,5
fraction,5
beginning,5
transformation,5
decorator,5
userlimit,5
lpc,5
suspend,5
divide,5
spawn,5
classify,5
cod,5
identity,5
verifyandcreateremotelogdir,5
sun,5
etl,5
proxie,5
contribute,5
workaround,5
proto,5
utf,5
getresourceusage,5
pagination,5
almost,5
disconnect,5
manually,5
honor,5
explicit,5
consideration,5
pretty,5
reconnecte,5
fairorderingpolicy,5
span,5
yarnauthorizationprovider,5
contact,5
recent,5
investigate,5
defaultcontainerexecutor,5
unavailable,5
trusted,5
cor,5
ruman,5
authenticationfilterwithproxyuser,5
bwwvaw,5
yzy,5
everywhere,5
aarch,5
jstack,5
fork,5
vyawfsaxplci,4
listen,4
knox,4
procedure,4
nothing,4
jianhe,4
ysoserial,4
stacktrace,4
ois,4
validatingobjectinputstream,4
sqlfederationstatestore,4
forbid,4
amrmproxypolicy,4
joep,4
nodes,4
reinitialize,4
rapid,4
carda,4
tradeoff,4
opinion,4
poc,4
conclude,4
reservationsytem,4
slowly,4
natively,4
customer,4
sit,4
violate,4
sorting,4
accessible,4
applicationtimelinestore,4
word,4
four,4
pure,4
painful,4
correction,4
impossible,4
nodeslistmanager,4
hostsfilereader,4
role,4
fairsharepolicy,4
separated,4
transform,4
neither,4
mostly,4
happy,4
folder,4
fileurlconnection,4
tenant,4
cut,4
duration,4
shape,4
waitingevent,4
applicationhistoryprotocol,4
zkclient,4
appendable,4
kasha,4
dao,4
cosmos,4
prone,4
killer,4
wrong,4
answer,4
black,4
knowledge,4
resourceusage,4
acquire,4
enum,4
astro,4
manipulate,4
install,4
xmx,4
minshare,4
eat,4
verb,4
ids,4
alone,4
assembly,4
deletiontask,4
sizebasedweight,4
unix,4
minresource,4
sunilg,4
liveness,4
band,4
supervision,4
aid,4
spare,4
strictly,4
maven,4
complexity,4
requisite,4
localresource,4
synchronization,4
repopulate,4
alternate,4
applicationcleaner,4
shortcoming,4
infinite,4
outage,4
segment,4
clustera,4
invoker,4
rms,4
consistently,4
discard,4
concrete,4
expert,4
familiar,4
amlauncher,4
resizing,4
heart,4
beat,4
healthreporter,4
serviceinit,4
nodequeueloadmonitor,4
states,4
major,4
region,4
aggressive,4
timelinewebservice,4
randomtextwriter,4
analytic,4
dimension,4
filename,4
oversubscription,4
reserved,4
participate,4
remotecluster,4
year,4
applicable,4
partial,4
click,4
nodeaddress,4
ips,4
restful,4
aqc,4
curl,4
alluserqueue,4
immediate,4
encryption,4
encrypt,4
guard,4
column,4
elastic,4
threadpoolexecutor,4
inactive,4
association,4
attached,4
massive,4
trouble,4
incomplete,4
convenient,4
sequentially,4
ultimately,4
fashion,4
repository,4
attachment,4
impalad,4
bash,4
appowner,4
metainfo,4
anything,4
clienttoken,4
irrespective,4
resourcehandlermodule,4
grep,4
logon,4
codebase,4
reservationallocation,4
stress,4
hot,4
wide,4
preempted,4
sbin,4
serviceclient,4
lease,4
getapps,4
nio,4
restrictive,4
unexpected,4
overridden,4
missing,4
alice,4
uniquely,4
orderingpolicy,4
fake,4
imply,4
traverse,4
logscli,4
replay,4
reinitialisation,4
online,4
dedicate,4
logger,4
speculative,4
mbs,4
consumer,4
resourcetrackerpbclientimpl,4
refuse,4
protooverhadooprpcengine,4
netutil,4
conditionobject,4
lag,4
vary,4
explain,4
throughout,4
propagation,4
sharing,4
recommission,4
activate,4
unrecognized,4
teardown,4
translate,4
boundary,4
resourcetrackerservice,4
smoothly,4
efficiency,4
proc,4
bunch,4
envision,4
reflection,4
generalized,4
sangjin,4
elasticity,4
usergroupmappingplacementrule,4
unmanagedamlauncher,4
shift,4
drequire,4
cutoffmilli,4
remoterootlogdir,4
incorrect,4
gateway,4
ssl,4
course,4
degrade,4
hzhmvdxrpbc,4
tzxjpywxpemf,4
vul,4
timelinev,4
guice,4
enter,4
amrmproxyservice,4
bias,4
height,4
resourcecalculatorplugin,4
noderesourcemonitorimpl,4
sonatype,4
insufficient,4
width,4
zxjuywwvc,4
inner,4
distributedshell,4
isdebugenable,4
rangeradminrestclient,4
fsconfigtocsconfigconvertermain,4
getnodetolabel,4
yarnclientimpl,4
localrm,4
reflect,4
sleeper,4
drawback,4
careful,4
welcome,4
combine,4
jetty,4
ahsproxy,4
zzxjpywwvcgf,4
vulnerable,3
jdofederationstatestore,3
concurrentusersmanager,3
bais,3
nlcmlhbc,3
unblock,3
applicationmasternotregisteredexception,3
annotate,3
domainid,3
auth,3
perf,3
fkz,3
pdd,3
hcgfjaguvegfsyw,3
vaw,3
clientimpl,3
leftnoteasy,3
iterator,3
truncate,3
auxservice,3
downstream,3
retentionmillis,3
retentionsec,3
deserialisation,3
objectinputstream,3
testlogaggregationfilecontrollerfactory,3
rare,3
increasingly,3
relation,3
resolver,3
synchronous,3
slide,3
stability,3
self,3
relatively,3
jul,3
subramaniam,3
venkatraman,3
krishnan,3
essential,3
jobhistory,3
javasandbox,3
amrmclientrelayer,3
diskchecker,3
whitelisting,3
preemptioncandidatesselectionpolicy,3
opportunistically,3
widely,3
dangle,3
badly,3
rollup,3
channapattan,3
existent,3
depth,3
gridmix,3
claim,3
ownership,3
aggressively,3
preemptable,3
implication,3
timelinereaderserver,3
plumb,3
overallocation,3
boom,3
downgrade,3
placeholder,3
technology,3
experimental,3
linuxcontainerruntime,3
sufficient,3
cores,3
unattached,3
brief,3
curino,3
optimal,3
subsequently,3
constrain,3
initiation,3
abort,3
getcontainer,3
burst,3
deprecate,3
yes,3
degradation,3
safety,3
hole,3
flaw,3
wasteful,3
concurrency,3
hog,3
naturally,3
boxplot,3
queuing,3
containerlaunch,3
sorted,3
sda,3
direction,3
lrs,3
swap,3
intercept,3
spnego,3
estimation,3
compact,3
taskattemptimpl,3
functional,3
math,3
recognition,3
entityfiletimelinestore,3
leveldbtimelinestore,3
adoption,3
stdio,3
fifocomparator,3
fifoorderingpolicy,3
oci,3
program,3
parity,3
rogue,3
ongoing,3
introduction,3
linkedin,3
uploader,3
regression,3
poor,3
expectation,3
normalization,3
layout,3
mini,3
timelineserver,3
lightweight,3
periodic,3
grow,3
absolutely,3
worth,3
prioritize,3
thereby,3
composition,3
nonexclusive,3
preferred,3
resolution,3
pausing,3
paused,3
somewhere,3
synchronously,3
adapter,3
identifier,3
deadline,3
nodelabelsprovider,3
enterprise,3
jni,3
builder,3
intel,3
center,3
usual,3
reorder,3
concretely,3
fire,3
nameservice,3
applicationclientprotocolpbclientimpl,3
allocateresponse,3
operating,3
behaving,3
upper,3
decremente,3
cell,3
aka,3
capacityschedulerconfiguration,3
initscheduler,3
character,3
integer,3
installation,3
accommodate,3
coordination,3
designate,3
anywhere,3
accumulate,3
executable,3
extensive,3
diagnosticservice,3
multiply,3
lowcost,3
symlink,3
roughly,3
maxcontainerallocation,3
addresourceifreadable,3
illegalargumentexception,3
redirection,3
rollback,3
tightly,3
gigabit,3
ethernet,3
distcp,3
allocator,3
uniqueness,3
majority,3
ttl,3
messy,3
cls,3
elevated,3
hash,3
continuousschedulingthread,3
applicaiton,3
kafka,3
deletionservice,3
loose,3
incr,3
research,3
orchestrate,3
timelineentity,3
clientcnxn,3
eventthread,3
interruptedexception,3
syncconnecte,3
oracle,3
localhost,3
product,3
alert,3
rangerconfiguration,3
crunch,3
ahswebservice,3
tolerance,3
frequent,3
technique,3
watcherseteventpair,3
heartbeate,3
gen,3
yarnapplication,3
producer,3
approve,3
submarine,3
orchestration,3
totally,3
kubernete,3
verification,3
keystore,3
nodel,3
rmwebservicesprotocol,3
commitment,3
blockmanagement,3
focusse,3
sentry,3
readability,3
cat,3
amipfilter,3
haul,3
language,3
accurate,3
shortly,3
pig,3
quorum,3
kerberize,3
unusable,3
scm,3
instruct,3
grab,3
objective,3
loaded,3
insecure,3
predictive,3
capacityresourcevector,3
extendability,3
elasticsearch,3
certainly,3
positive,3
getinstance,3
parseandconvert,3
containerimpl,3
align,3
archive,3
statement,3
despite,3
wsce,3
pom,3
amrmclientasync,3
lrpc,3
lift,3
front,3
inefficiency,3
inefficient,3
namely,3
stale,3
vertex,3
maxshare,3
tunable,3
tcb,3
endtime,3
soft,3
picture,3
clustermax,3
yarnfile,3
indexing,3
popular,3
wrt,3
emergency,3
clientrm,3
guava,3
demote,3
timelinedatamanager,3
containermgrproxy,3
channel,3
seek,3
nodename,3
alongside,3
elif,3
redistribute,3
mrappmaster,3
rebalance,3
array,3
libudev,3
pdf,3
rmcontext,3
ship,3
checking,3
statemachine,3
linkedlist,3
relinquish,3
forget,3
watch,3
procfsbasedprocesstree,3
containerrequest,3
sudo,3
gpudevice,3
zip,3
centrally,3
amazon,3
deem,3
daily,3
fragmentation,3
resoucemanager,3
containerstate,3
unreserve,3
superuser,3
ram,3
reallocation,3
registernodemanager,3
socketchannelimpl,3
hdd,3
timer,3
cancelation,3
dynamicflexible,3
appplacementallocator,3
red,3
rmappimpl,3
millisecond,3
tokenidentifi,3
tuning,3
applicationreport,3
manifest,3
reacquire,3
drop,3
double,3
recreate,3
getapplication,3
sigterm,3
crawl,3
former,3
locking,3
willing,3
int,3
differently,3
historically,3
allocationtagsmanager,3
strongly,3
drf,3
confusing,3
preferable,3
backward,3
subclass,3
decommissioningnodeswatcher,3
sssd,3
winbind,3
inode,3
len,3
someuser,3
somegroup,3
logaggregationfilecontroller,3
defeat,3
nfs,3
sre,3
float,3
meaningful,3
abstractleafqueue,3
angular,3
javascript,3
webserver,3
callqueue,3
coverage,3
lost,3
onboard,3
crucial,3
bar,3
znode,3
retrypolicy,3
unlike,3
updatenoderesource,3
deserializeobject,3
incorporate,3
nowadays,3
webappproxyservlet,3
cardb,3
evolve,3
countable,3
inspire,3
firewall,3
ping,3
edw,3
subtask,3
greedy,3
predictably,3
choice,3
explore,3
usable,3
portability,2
componetlocalizer,2
publiclocalizer,2
prolong,2
queryparam,2
preprocessor,2
prerequisite,2
routerpolicyfacade,2
arbitrarily,2
slot,2
circumstance,2
spam,2
editable,2
companion,2
unused,2
embe,2
yufeigu,2
penalty,2
paste,2
indexcache,2
modifying,2
nmcontainertokensecretmanager,2
syntax,2
rpcserverfactorypbimpl,2
defaultrpcscheduler,2
overkill,2
wise,2
accessing,2
anymore,2
distinction,2
healthreport,2
undeclared,2
appstatedata,2
deeply,2
continuation,2
finer,2
threading,2
timelinereaderclient,2
heavily,2
median,2
outlier,2
seriously,2
rangeryarnplugin,2
rat,2
authenticationfilter,2
complement,2
vanilla,2
loadresource,2
orphan,2
contention,2
hotspot,2
jobclient,2
predefine,2
delivery,2
mechanic,2
loggingoutputstream,2
ztang,2
wangda,2
printstream,2
missingoptionexception,2
convenience,2
consequence,2
converge,2
emerge,2
skill,2
troubleshooting,2
appropriately,2
utilisation,2
streaming,2
candidateapplist,2
flood,2
substantially,2
externally,2
facade,2
viewer,2
making,2
slidingwindowretrypolicy,2
coarse,2
graph,2
unauthorized,2
staticuserwebfilter,2
refine,2
technically,2
paradigm,2
responsive,2
fly,2
measurement,2
predictable,2
advertise,2
proposition,2
containerlocalizer,2
sample,2
queuecapacity,2
fresh,2
google,2
multidimensional,2
queuepath,2
callqueuemanager,2
recalculate,2
merging,2
circuit,2
connectivity,2
addapplicationhomesubcluster,2
federationstatestorefacade,2
horizontal,2
isasync,2
resourcescheduler,2
localfilesystem,2
purely,2
pile,2
rle,2
illustrate,2
packing,2
greedyreservationagent,2
commonly,2
onto,2
rpccall,2
facility,2
unmanagedam,2
favor,2
xasecure,2
position,2
cloudera,2
cron,2
maxchildresource,2
tolerant,2
permanent,2
interim,2
university,2
technical,2
blacklistmanager,2
aggregatedlogsblock,2
asc,2
containerslogsblock,2
readable,2
evenly,2
copying,2
circular,2
touch,2
normalize,2
inclusive,2
android,2
targetdir,2
sharedcache,2
cleanly,2
learn,2
variety,2
apart,2
widespread,2
gcore,2
interruption,2
addapplicationhomesubclusterresponse,2
nmclientasync,2
javax,2
doprivilege,2
accesscontroller,2
args,2
shall,2
loghandler,2
nullpointerexception,2
localdirshandlerservice,2
book,2
heterogeneity,2
unregistere,2
inspect,2
proportion,2
spike,2
retrieval,2
hear,2
imagine,2
tough,2
wind,2
replication,2
unfair,2
underutilize,2
lifespan,2
discardoldentitie,2
cheap,2
getmaximumresourcecapability,2
containerd,2
failed,2
doubt,2
uber,2
rmnodestatusevent,2
federationapplicationstatestore,2
browse,2
arn,2
carlo,2
writeable,2
lee,2
infer,2
workable,2
intent,2
downside,2
weighted,2
immutable,2
illegal,2
overhaul,2
correctness,2
reside,2
confirm,2
relaxed,2
twitter,2
subru,2
applicationclientprotocolpbserviceimpl,2
tensorboard,2
termination,2
wire,2
smi,2
officially,2
peak,2
dramatically,2
conclusion,2
uid,2
conversation,2
disadvantage,2
prediction,2
webserviceutil,2
sass,2
minimally,2
jam,2
regex,2
fulfil,2
dynamiclegacy,2
effectiveness,2
paper,2
elevate,2
unclear,2
clusternode,2
logging,2
conventional,2
peer,2
reusable,2
corner,2
pendingask,2
unassigne,2
derive,2
narrow,2
sym,2
schedulerkey,2
ditto,2
applicationtype,2
slightly,2
valuable,2
spin,2
expressivity,2
meaning,2
vvasudev,2
templedf,2
maxcontainerresource,2
opaque,2
arrangement,2
federationmembershipstatestore,2
upgrading,2
correlate,2
federationpolicystatestore,2
relationship,2
correlation,2
observer,2
elector,2
overuse,2
policyrefresher,2
containerlog,2
akin,2
ascend,2
orthogonal,2
localdiskpathallocator,2
ensemble,2
assist,2
meeting,2
getattributestonode,2
fri,2
parallelize,2
arraylist,2
rottinghuis,2
observation,2
citizen,2
nfly,2
icon,2
boost,2
moveapplication,2
sdf,2
clobber,2
straightforward,2
sde,2
sharedcacheclient,2
debugging,2
jct,2
amp,2
finding,2
vinodkv,2
getservice,2
buggy,2
entitygroupfstimelinestore,2
scatter,2
circumvent,2
incrementally,2
epoch,2
centralise,2
necessarily,2
investigation,2
uniform,2
nodeattribute,2
taskrunn,2
overriding,2
renewtoken,2
expiration,2
taskrunner,2
checkpointe,2
nmwebservice,2
applicaitonclientprotocol,2
jenkin,2
engineering,2
sis,2
wanna,2
php,2
apparently,2
password,2
waiting,2
getmetric,2
arrival,2
robustness,2
denial,2
sdd,2
delegationtokenrenewerrunnable,2
handleappsubmitevent,2
ident,2
transaction,2
milestone,2
simplified,2
empt,2
tricky,2
freeze,2
follows,2
accumulo,2
baseresource,2
reservationagent,2
formal,2
sdc,2
programmatic,2
sdb,2
ambiguous,2
sharingpolicy,2
night,2
motivate,2
resiliency,2
heap,2
tokens,2
bibinchundatt,2
guaranteed,2
govern,2
temp,2
routing,2
tolerate,2
tweak,2
tail,2
rmauditlogger,2
star,2
human,2
scene,2
submitter,2
explanation,2
callercontext,2
wherever,2
mature,2
proxyprovider,2
dockerlinuxcontainerruntime,2
systemd,2
curatorservice,2
runnable,2
someone,2
pagge,2
advance,2
multitude,2
traditionally,2
fsqueue,2
readlock,2
createresource,2
sanity,2
fitsin,2
flesh,2
queueing,2
excessive,2
nobody,2
outdate,2
churn,2
atlas,2
website,2
faithfully,2
authenticated,2
automate,2
substantial,2
csrf,2
dump,2
inmemoryplan,2
comprehensive,2
calculated,2
sole,2
tackle,2
classname,2
topo,2
selectively,2
amrmclientimpl,2
prioritization,2
applicationmasterprotocol,2
lean,2
besides,2
selection,2
containerstateproto,2
relaxlocality,2
rangerrestclient,2
instability,2
tune,2
liveliness,2
swarm,2
getnodename,2
unregister,2
assigncontainerprecheck,2
extended,2
fsschedulernode,2
rearrange,2
flip,2
cdf,2
nonsecure,2
bonus,2
undesirable,2
planfollower,2
bps,2
mutableconfigurationprovider,2
finalization,2
shot,2
head,2
extremely,2
exhibit,2
flink,2
smooth,2
blow,2
screenshot,2
jet,2
third,2
reading,2
proof,2
hostsconfigmanager,2
absence,2
timelinestore,2
afford,2
forth,2
orient,2
registrydns,2
localitymulticastamrmproxypolicy,2
dfslocaldirallocator,2
reachable,2
deterministic,2
testpbimplrecord,2
knob,2
flushable,2
decrypt,2
www,2
regularly,2
police,2
yarnchild,2
reemption,2
contextual,2
yarnrunner,2
promptly,2
getlocalpathforwrite,2
transient,2
stie,2
bteke,2
gandras,2
snemeth,2
pbacsko,2
spanning,2
headless,2
interfere,2
ambari,2
hop,2
aside,2
indirectly,2
importantly,2
untrusted,2
applicationcomparator,2
proxye,2
dtfetcher,2
visibility,2
age,2
trim,2
relocation,2
existing,2
scratch,2
resourcedownloader,2
throttling,2
schedulerqueuemanager,2
gns,2
rendering,2
jobs,2
presumably,2
runningapps,2
srv,2
nested,2
dbs,2
employ,2
writelock,2
merely,2
cgroupshandler,2
privilegedoperation,2
bloat,2
schedulable,2
leakage,2
binding,2
offset,2
adjustment,2
conditional,2
eventofdeath,2
nodelabelsmanager,2
outbound,2
amcontain,2
requestheader,2
pursue,2
processevent,2
waskille,2
publishing,2
disconnected,2
getsessionid,2
tohexstre,2
throwable,2
completedcontainer,2
nmcontainerstatus,2
subdomain,2
mrv,2
defaultfs,2
repro,2
clustering,2
adverse,2
resent,2
mycontainer,2
convey,2
activation,2
agree,2
abel,2
maintainability,2
rebalancing,2
corrective,2
conservative,2
instrument,2
ficaschedulerapp,2
writing,2
robin,2
elect,2
augment,2
imbalance,2
shim,2
rollover,2
unpack,2
comprise,2
nodelistmanag,2
deteriorate,2
expired,2
persistence,2
reliability,2
adequate,2
contrast,2
hadoopwinutilsvc,2
demonstration,2
reliable,2
localdir,2
routerwebservice,2
mongodb,2
reduction,2
timelineclientasync,2
nodelabelmanager,2
mvn,2
backwards,2
applcation,2
mappingrule,2
jobtracker,2
timely,2
bridge,2
applicationcli,2
impose,2
maxattempt,2
intentionally,2
rmcontextimpl,2
ungracefully,2
localsystem,2
specially,2
baseline,2
aclsubmitapps,2
retrievable,2
pipe,2
authz,2
relay,2
testfairscheduler,2
drastically,2
rise,2
trend,2
insight,2
dce,2
hack,2
reschedule,2
infomation,2
asynchronize,2
textview,2
waitfor,2
signalcontainercmd,2
createasuser,2
statically,2
susceptible,2
unregistration,2
accelerator,2
coefficient,2
cutoff,2
inventory,2
toto,2
pointer,2
allocaterequest,2
cleaner,2
spof,2
classloader,2
balanced,2
zksessiontimeout,2
applicationattempt,2
jobjar,2
schedulers,2
github,2
raft,2
ratis,2
inheritance,2
tone,2
queueacls,2
rmhaprotocolservice,2
zkfc,2
mram,2
clock,2
discrete,2
broker,2
standardize,2
resources,2
qualified,2
desktop,2
ecu,2
char,2
fractional,2
avg,2
secured,2
play,2
guy,2
enormous,2
acceptable,2
likewise,2
decomissione,2
qop,2
logdir,2
serialize,2
burn,2
nil,2
versa,2
recording,2
activitiesmanager,2
testcase,2
backport,2
delegationtoken,2
diff,2
infinitely,2
startcontainer,2
theory,2
xyz,2
stabilize,2
storeapplication,2
shield,2
bill,2
likelihood,2
schedulingmode,2
tend,2
linger,2
fileutil,2
cgroupsmountconfig,2
nonexistent,2
translation,2
sigquit,2
avro,2
informative,2
availableresource,2
maxactiveapplication,2
broken,2
frustrate,2
appnamemappingplacementrule,2
outputpath,2
routinely,2
socketiowithtimeout,2
arise,2
undeclaredthrowableexception,2
safemode,2
park,2
export,2
burden,2
await,2
reportinterruptafterwait,2
serviceop,2
concurrentlinkedqueue,2
suitable,2
company,2
invalidresourcerequestexception,2
runtimeexception,2
innerstop,2
innerstart,2
fifoscheduler,2
separation,2
survive,2
sharedcachemanager,2
proportionally,2
balancing,2
algorithmic,2
jlogger,2
bab,2
prio,2
slsrunner,2
recommissione,2
blob,2
proxyserver,2
colored,2
enhanced,2
javadoc,2
stringbuilder,2
consecutive,2
tzf,2
logaggregationindexedfilecontroller,2
noop,2
premise,2
diskio,2
incubate,2
pain,2
naive,2
subcommand,2
prepare,2
filecontroller,2
minus,2
millis,2
schedulelogdeletiontask,2
dist,2
shoulddeletelogdir,2
deleteappdirlog,2
dglsl,2
jump,2
visible,2
tdhjpbmc,2
getclusternode,2
decode,2
getdecoder,2
commonsbeanutil,2
squashfs,2
overcome,2
toward,2
preparation,2
ucy,2
uvuleaqabsgeadunvbnn,2
jersey,2
dwjucmfuc,2
bwjlclrhymxlaqastg,2
rlaqaptgluzu,2
baamokvybaardb,2
ludgvybmfsl,2
tgnvbs,2
temporarily,2
vgawxlaqamr,2
vyy,2
mzm,2
oti,2
lcjcwmdkwmzg,2
myface,2
mozillarhino,2
reconstruct,2
hibernate,2
bytearrayinputstream,2
getclusternodelabel,2
dockerpullcommand,2
variance,2
usersmanager,2
severity,2
replacement,2
pollution,2
hostconfigmanager,1
relaunch,1
ahsv,1
ahsclient,1
appending,1
putdomain,1
hardcode,1
confused,1
stamp,1
utilizationbased,1
cpuset,1
shake,1
kebero,1
kerberosprincipal,1
serviceapi,1
delayed,1
demotion,1
jaas,1
programmatically,1
getinputstream,1
disabletrielookupprefilter,1
enabletagenricherwithlocalrefresher,1
disabletagpolicyevaluation,1
disablecustomcondition,1
disablecontextenricher,1
evaluatedelegateadminonly,1
evaluatortype,1
policyengineoption,1
shuzirra,1
chang,1
responce,1
applog,1
alternatively,1
shared,1
boot,1
intentiaonally,1
logcial,1
wildcare,1
blank,1
thant,1
precedence,1
firstly,1
predetermined,1
dish,1
parallelism,1
feed,1
iccs,1
computer,1
institute,1
shading,1
shade,1
nowday,1
kbyte,1
twice,1
dataset,1
jdbc,1
scheduer,1
anylabel,1
strain,1
uncompress,1
visit,1
gate,1
vertify,1
customization,1
semicolon,1
addresourcesforservicetype,1
addsslconfigresource,1
getprop,1
getstreamreader,1
warehouse,1
dose,1
protobufs,1
wisely,1
appnameplacementrule,1
uploading,1
getlog,1
getcontainerlog,1
intervention,1
breach,1
approx,1
benifit,1
needy,1
opportunisticcontainerallocatoramservice,1
getfilestatus,1
sigwinch,1
sigkill,1
occure,1
worry,1
occasionally,1
applicationmasterseriver,1
dispatchentitie,1
timelineentitydispatcher,1
createtempdir,1
dimensional,1
pecentage,1
spool,1
equalsignorecase,1
timelinecollectorwebservice,1
getinetaddressbyname,1
securityutil,1
normalizehost,1
getbyname,1
inetaddress,1
zeppelin,1
spirit,1
converted,1
policymgr,1
diskcheck,1
suitably,1
unusablenode,1
national,1
sata,1
tbd,1
yesterday,1
sleepjob,1
selectanynode,1
mismatch,1
uvm,1
promising,1
resourcetype,1
aroop,1
attemptid,1
prevalidatemoveapplication,1
remoteexception,1
schedulereventdispatcher,1
eventdispatcher,1
frozen,1
finishing,1
exempt,1
applicationbaseprotocol,1
fsparentqueue,1
intergrate,1
caching,1
cuda,1
atsclient,1
setion,1
excerpt,1
powerfulresourcerequ,1
vcores,1
initializequeues,1
updateplacementrule,1
getusergroupmappingplacementrule,1
getqueuemapping,1
protobufrpcinvoker,1
callblockingmethod,1
applicationclientprotocolservice,1
rollingmonitorinterval,1
cachedthreadpool,1
flownname,1
flowname,1
freezing,1
getrpcresponse,1
hybrid,1
alike,1
plenty,1
imbalanced,1
coherent,1
gss,1
polish,1
mnist,1
preliminarily,1
hdl,1
prim,1
nscd,1
sss,1
servicestate,1
restartable,1
preservation,1
freezer,1
committed,1
offswitch,1
getnnproxy,1
runworker,1
invlolve,1
invest,1
schedulerapplicationattempt,1
hdfse,1
localcluster,1
rear,1
vrushalic,1
jobconf,1
configuredfailoverproxyprovider,1
alwayreject,1
getallapplication,1
reordering,1
moveapplicationtoqueue,1
polling,1
deferred,1
handoff,1
defer,1
mutablecsconfigurationprovider,1
thead,1
unspecified,1
rmid,1
handledtrenewerappsubmitevent,1
unaware,1
fixedthreadpool,1
fsleafqueue,1
department,1
importance,1
vital,1
lab,1
especial,1
applation,1
contianer,1
runnig,1
assure,1
attemptscheduler,1
conversely,1
refrain,1
atomicity,1
unset,1
theoretically,1
defination,1
refreshable,1
reveal,1
loglevel,1
mutable,1
cmu,1
novel,1
tetrische,1
visualization,1
feaure,1
screencast,1
mellon,1
carnegie,1
orgqueue,1
scanning,1
appeal,1
connotation,1
queuemanager,1
zang,1
xiaolin,1
rohithsharma,1
timelinestoragemonitor,1
overlap,1
personalize,1
deregister,1
taskid,1
inconvenience,1
vssd,1
vdisk,1
checksumme,1
publicly,1
thequeue,1
derby,1
subqueue,1
checkpoint,1
storagetype,1
dirs,1
signing,1
gsaha,1
createdtime,1
omit,1
lexicographical,1
filesystemnodelabelsstore,1
filesystemrmstatestore,1
filesystemtimelinewriter,1
mroutputfile,1
yarnoutputfile,1
localdirallcator,1
storagelocation,1
smokeuser,1
waititng,1
preprime,1
uneven,1
compat,1
fragile,1
extensibility,1
mass,1
sign,1
alibaba,1
cfq,1
routerpolicy,1
multo,1
optimum,1
machinery,1
mar,1
adaption,1
misc,1
initialisation,1
listing,1
taskwalltimelimiter,1
permutation,1
mimic,1
homepolicymanager,1
setout,1
seterr,1
undesired,1
mrjob,1
timelinereder,1
varied,1
timelineentitie,1
haed,1
blocker,1
deliberately,1
subclusterpolicyconfiguration,1
workassignment,1
updating,1
trading,1
assignmultiple,1
shorthand,1
fear,1
bubble,1
returning,1
candidateselector,1
syslog,1
mrs,1
appender,1
err,1
altogether,1
overridewithqueuemapping,1
tenet,1
underneath,1
nmleveldbstatestore,1
entite,1
priming,1
delegatinglinuxcontainerruntime,1
createtempdirectory,1
migrating,1
getcachedir,1
isruntimerequeste,1
issandboxcontainerrequeste,1
gcores,1
simpletaskjsonjobbuilder,1
simplejobdescription,1
simplejobbuilder,1
simpletaskjobbuilder,1
jobbuilder,1
isdockercontainerrequeste,1
experimentallinuxcontainerruntime,1
somecompany,1
redeployment,1
cope,1
cheer,1
eventual,1
updaterootmetric,1
intern,1
resourceimpl,1
chat,1
pooling,1
distributedscheduling,1
periodicity,1
pose,1
terminology,1
july,1
thursday,1
mvp,1
loadcomparator,1
policymanager,1
schdulerkey,1
schedulerapp,1
shedulerrequestkey,1
agreement,1
walkthrough,1
ramble,1
email,1
experimentation,1
killall,1
attetmpt,1
num,1
incapable,1
authentic,1
javasandboxlinuxcontainerruntime,1
repsonseid,1
regsiter,1
applicationnotregisteredexception,1
schduler,1
arriving,1
crisply,1
thanks,1
opporunity,1
priorityagent,1
replanner,1
generalise,1
nesteduserqueue,1
thu,1
interchangeably,1
roadmap,1
seamless,1
instruction,1
cgorup,1
bookkeeping,1
instantly,1
maintae,1
decission,1
armrmproxy,1
resourceallocation,1
dnsjava,1
exclusively,1
inference,1
convoluted,1
merit,1
doubte,1
phenomenon,1
strange,1
reinitialization,1
jlowe,1
collaboration,1
overcommit,1
encode,1
duplex,1
directional,1
unidirectional,1
orchestrator,1
neutral,1
negative,1
vinod,1
implicit,1
drift,1
inevitable,1
relocate,1
remainder,1
preferably,1
twill,1
reef,1
shed,1
containerreport,1
regionsever,1
allnode,1
pseudo,1
destruction,1
merged,1
overwhelm,1
bus,1
tmpdir,1
leveldbrmstatestore,1
frame,1
xfs,1
obvious,1
outline,1
helix,1
pwd,1
distributedcache,1
logistical,1
numerous,1
uploaded,1
operationally,1
independence,1
densely,1
decline,1
degree,1
preemptioncandidatesselectionpolicie,1
fifopreemptioncandidatesselectionpolicy,1
csqueuestore,1
queuemappe,1
uniformly,1
representation,1
debate,1
nodemanger,1
refactory,1
travel,1
overlay,1
colocate,1
kinite,1
resultant,1
simplifie,1
amplify,1
comprehend,1
cumulative,1
crux,1
penalize,1
powerful,1
tartcontainer,1
queeu,1
easier,1
taskcounter,1
jobid,1
allocationmanager,1
containermanagementprotocol,1
testability,1
spreadsheet,1
vgg,1
outperform,1
odd,1
decent,1
pointing,1
handshake,1
entrie,1
condense,1
extraneous,1
yarnscheduler,1
declarative,1
precede,1
unavoidable,1
inittab,1
nodemanag,1
decommissioningnodewatcher,1
refreshnode,1
friend,1
rally,1
straight,1
ode,1
suffice,1
sheduler,1
probe,1
onwebsocketconnect,1
owne,1
resnet,1
inception,1
inflight,1
pendingorderingpolicy,1
hostfoo,1
approachable,1
durable,1
durability,1
unfulfilled,1
borrow,1
survey,1
threefold,1
rationale,1
chief,1
ball,1
codepath,1
taskumbilicalprotocol,1
abnormal,1
descend,1
costtable,1
somebody,1
descriptive,1
maintaining,1
rabbit,1
wal,1
aforementioned,1
queuemappingentity,1
queuemapping,1
vip,1
inherent,1
unresponsive,1
asynch,1
weave,1
robot,1
sound,1
chance,1
pickup,1
resourcetrackingservice,1
scheduled,1
swappiness,1
colorful,1
shre,1
fundamental,1
highlight,1
decomissioningnodeswatcher,1
staate,1
donot,1
datacenter,1
crawler,1
cnn,1
gputopologyperformance,1
aws,1
suspicious,1
saving,1
tremendous,1
yaml,1
fifoordere,1
determination,1
engineer,1
criterion,1
rowkey,1
appcache,1
systemmetricspublisher,1
identifi,1
requesthedgingproxyprovider,1
oder,1
keystroke,1
inexpensive,1
anchor,1
alignment,1
dock,1
getsnapshot,1
unnecessarily,1
surgical,1
opportunitic,1
clustermonitor,1
parition,1
mutlitenant,1
dtutil,1
suit,1
activestandbyelector,1
rethink,1
fairsharepreemption,1
ssds,1
misfortune,1
minshareratio,1
quietly,1
complication,1
ldap,1
stageallocatorgreedy,1
mirror,1
helpfull,1
updgrade,1
conceivably,1
synthetically,1
dynayarn,1
addressable,1
rdl,1
deletelock,1
conform,1
squash,1
gid,1
tap,1
labels,1
launching,1
jon,1
getrunninglogurl,1
webapputil,1
deduct,1
prevention,1
pip,1
lacking,1
fledged,1
coupling,1
plugged,1
transperent,1
zone,1
dek,1
symmetric,1
ditribute,1
langauge,1
nodelabelsmanag,1
configration,1
constraints,1
allocatable,1
curious,1
indicator,1
allcoate,1
systemmetricpublisher,1
bomb,1
uncontrollably,1
cite,1
indeed,1
cleverer,1
scaling,1
parallelizing,1
doable,1
datastructure,1
outerworld,1
downloadable,1
mercury,1
sparrow,1
needed,1
localizationservice,1
noderesourcemonitor,1
poll,1
zmodem,1
beefy,1
goto,1
smart,1
collectorcontext,1
resolving,1
trade,1
maxrunningapps,1
severely,1
needlessly,1
guess,1
heartbeating,1
resistant,1
variant,1
cascade,1
looking,1
similarity,1
shouldallocorreservenewcontainer,1
insist,1
monotonically,1
negatively,1
amtoken,1
compromise,1
hdw,1
cmp,1
resourcepluginmanager,1
pyspark,1
exponential,1
exponentially,1
backup,1
uncleaning,1
applicationstatedata,1
disposition,1
resemble,1
closely,1
allocaterequ,1
complicate,1
idempotent,1
emption,1
killedtaskattempt,1
brittle,1
launchcontainer,1
startlocalizer,1
judgement,1
fundamentally,1
rmappevent,1
historical,1
incremente,1
timeserie,1
population,1
hierarchically,1
weekly,1
bytes,1
accumulation,1
physically,1
logically,1
dedupe,1
translator,1
deviceruntimespec,1
deployable,1
dynamometer,1
inspiration,1
draw,1
failoverproxy,1
finite,1
appreciate,1
million,1
diagnosticmessage,1
portable,1
mins,1
confg,1
rlespareseresourceallocation,1
uncertainty,1
spill,1
poorly,1
whereby,1
rawlocalfilesystem,1
foo,1
unfairly,1
impairment,1
clustermetricsinfo,1
sql,1
dbms,1
policystore,1
eviction,1
draft,1
unsafe,1
localdiskutil,1
speedup,1
hdf,1
guest,1
abstractcsqueue,1
upstream,1
fold,1
sink,1
unstructured,1
intact,1
clusterware,1
prestart,1
lifecyle,1
impractical,1
rmadminrequ,1
abandon,1
rmcontainerpreempteventdispatcher,1
contend,1
asyncdispacher,1
primacy,1
prempte,1
piecemeal,1
carefully,1
reimplementation,1
arrange,1
paging,1
artificial,1
staleness,1
freshness,1
satisfaction,1
workplace,1
oppose,1
stitch,1
ration,1
boostrap,1
mitigating,1
containermetric,1
collocate,1
registerapplicationmaster,1
emit,1
mrjobconfig,1
resourcehandlerchain,1
postcomplete,1
cluseterid,1
widget,1
fsnamesystemlock,1
generational,1
obliquely,1
collective,1
icmpv,1
ipv,1
editor,1
privilegedoperationexecutor,1
cease,1
foremost,1
cgroupslceresourcehandler,1
cripple,1
requires,1
mountcgroup,1
applicationentity,1
iiuc,1
rmtimelinecollector,1
unwanted,1
reliabile,1
participation,1
rebind,1
initialise,1
fancy,1
structured,1
gethealthreport,1
updatetime,1
workstate,1
ishealthy,1
fan,1
programatically,1
subtle,1
localizationprotocolpb,1
collision,1
bust,1
cname,1
tight,1
trip,1
incredibly,1
listservicerecord,1
modularize,1
orderingpolicie,1
lexically,1
indeterminate,1
containermanagementprotocolpb,1
performant,1
swallow,1
allkeys,1
schedulerprocesse,1
eyond,1
sticky,1
preferentially,1
qdisc,1
shaping,1
originate,1
thorough,1
asynchrony,1
reaction,1
decommissioned,1
transit,1
atleast,1
containerblock,1
attemptblock,1
zoodef,1
settype,1
abstractdelegationtokensecretmanager,1
closing,1
queueeventofdeath,1
appblock,1
datastore,1
eaf,1
ommon,1
rigid,1
realtime,1
serviceloader,1
isrunne,1
isempty,1
autoincrement,1
stickiness,1
universal,1
notin,1
reportable,1
nmcontainerstatuse,1
reauthorize,1
optimally,1
partitioned,1
comprensible,1
whit,1
oldzkclient,1
player,1
processwatchevent,1
mess,1
submitrequ,1
closesession,1
opcode,1
sendthread,1
excessively,1
unlucky,1
reality,1
instanceof,1
indefinitly,1
filesignersecretprovider,1
jlog,1
loadrmappstate,1
hostport,1
appattemptsize,1
hungry,1
dto,1
marshal,1
algo,1
kube,1
passthrough,1
skeleton,1
iteratively,1
nextgen,1
significance,1
mkdir,1
troubleshoot,1
timelinereaderwebservice,1
abfs,1
nodeset,1
jloggeradapter,1
shouldskipnodeschedule,1
alter,1
iterative,1
postgresql,1
altering,1
testzkrmstatestoreperf,1
nmwebapp,1
principle,1
tracetype,1
preemptively,1
crude,1
uniformed,1
algorithms,1
sucessfully,1
webappmaster,1
means,1
setjarbyclass,1
teeinputstream,1
setcontainerclassname,1
graind,1
passthroughheader,1
queuecapacitie,1
queueaclsmanager,1
applicationaclsmanag,1
adminaclmanager,1
squawk,1
zipinputstream,1
concise,1
restarting,1
healthcheckerservice,1
irrelevant,1
keymetric,1
customized,1
deviceplugin,1
akhilpb,1
advise,1
appsize,1
codahale,1
connectionless,1
outset,1
viable,1
assurance,1
got,1
procee,1
spoof,1
checkrequiredoption,1
proxying,1
clusterresource,1
cis,1
parsing,1
preloade,1
intuitive,1
market,1
inovation,1
chage,1
posibility,1
greate,1
getblacklistednode,1
blacklistremoval,1
blacklistaddition,1
updateblacklist,1
iaw,1
compuiting,1
tear,1
esp,1
exhaust,1
containersmonitor,1
barebone,1
embeddability,1
resourcecalculatorprocesstree,1
docs,1
resouce,1
localizertracker,1
assistance,1
accurately,1
slice,1
unauthenticated,1
offering,1
registryoperation,1
fiddly,1
sasl,1
queuable,1
architecturally,1
localizereventtype,1
syst,1
spanreceiver,1
receiver,1
elastically,1
missingargumentexception,1
nmauditlogger,1
yarnauditlogger,1
ecosystem,1
fashioned,1
authenticator,1
logaggregationtype,1
outstand,1
evict,1
dockerd,1
dispacher,1
authorizationfilterwithproxyuser,1
nodeslistmanag,1
forbidden,1
capable,1
diagnose,1
growth,1
sheer,1
amrmclientasyncimpl,1
entail,1
fica,1
briefly,1
bascially,1
instantaneously,1
atomic,1
dts,1
entrypoint,1
yarnclustercli,1
dockercontainerexecutor,1
constitute,1
subnode,1
crd,1
principals,1
fairschedul,1
expilicitly,1
nmproxy,1
multiplexing,1
memorynodelabelstore,1
memorynodelabelsstore,1
prudent,1
ground,1
relatedentity,1
tester,1
invalidate,1
ajax,1
lfs,1
crs,1
anonymous,1
encoded,1
strong,1
urlencode,1
guideline,1
negotiation,1
outgoing,1
estabilise,1
outgo,1
hanlde,1
netheir,1
establise,1
prompt,1
queueplacementconverter,1
unite,1
universally,1
emulator,1
blueprint,1
perl,1
incl,1
elegant,1
month,1
posteriori,1
nmtokensecretmanagerinnm,1
adversely,1
gui,1
rank,1
anomaly,1
behavioral,1
auxserviceseventtype,1
tasklog,1
increate,1
configured,1
elevation,1
hijacker,1
manipulation,1
localizationeventtype,1
unprivileged,1
interference,1
applicationeventdispatcher,1
multithreaded,1
compliant,1
devicepluginscheduler,1
virtualization,1
jvmpausemonitor,1
explorer,1
livelock,1
authentictaion,1
piggyback,1
reorganization,1
createretrypolicy,1
replan,1
sceanrio,1
hangs,1
asyn,1
resourcetracker,1
sys,1
insightful,1
volunteer,1
specifi,1
infra,1
streamline,1
sugar,1
syntactic,1
mutually,1
manageability,1
resourceschedulerconfig,1
localmachine,1
counterpart,1
remedie,1
constant,1
menas,1
issecurityenable,1
placementalgorithm,1
ack,1
forwarding,1
heartbeated,1
activeapplication,1
intrusive,1
prove,1
groundwork,1
getappattempt,1
shelter,1
imminent,1
lay,1
unlikely,1
masterkey,1
nodeinfo,1
diving,1
camera,1
documentstorecollectioncreator,1
documentstoretimelinereaderimpl,1
documentstoretimelinewriterimpl,1
iot,1
getclientfactory,1
rpcfactoryprovider,1
hadoopyarnprotorpc,1
webhdf,1
tests,1
totalbyte,1
mapsperhost,1
phone,1
bytespermap,1
personally,1
sutiation,1
arm,1
inactivenode,1
greatly,1
occour,1
middle,1
interop,1
ntlistenport,1
ntcreateport,1
globalpreemption,1
marketing,1
makerting,1
amlaunch,1
througn,1
submisison,1
servicestart,1
corporate,1
annotation,1
protocolinfo,1
protocolpb,1
addr,1
getclient,1
incompleteness,1
nonhierarchical,1
withe,1
gun,1
spray,1
solid,1
availablity,1
appchecker,1
scmcontext,1
permalink,1
unpacked,1
forced,1
placementprocessor,1
ntrequestwaitreplyport,1
ntconnectport,1
libwinutil,1
unproxie,1
miscellaneous,1
spindle,1
granular,1
collecting,1
depict,1
testglobalpreemption,1
shouldattemptpreemption,1
nutshell,1
amicable,1
recalculation,1
awkward,1
globalpreemtion,1
bigapp,1
testminshareinhierarchicalqueue,1
bindhost,1
teragen,1
conduct,1
unreachable,1
sever,1
wiring,1
compatable,1
decentralize,1
rename,1
getadditionalblock,1
halve,1
versatile,1
notfound,1
quirk,1
appschedulable,1
pollute,1
appreport,1
wstx,1
ctc,1
acceleration,1
datanodes,1
stand,1
sibling,1
tiny,1
attemptallocationonnode,1
overwrride,1
sharedcacheuploadservice,1
infrasturcture,1
pagerank,1
shuffletext,1
wordcount,1
teravalidate,1
terasort,1
audience,1
deventtype,1
decommmissione,1
deterministically,1
whereas,1
sharedcacheuploa,1
upto,1
fairsharepreemptiontimeout,1
highpriority,1
loghandlereventtype,1
containersmonitoreventtype,1
creating,1
yas,1
epilog,1
wstxparsingexception,1
exc,1
precisely,1
heterogenous,1
largely,1
lxc,1
notoriously,1
sanitize,1
printing,1
drone,1
inaddr,1
multihome,1
endpoints,1
equivalence,1
compliment,1
platfrom,1
inclode,1
solely,1
equally,1
dockerhealthchecker,1
unmanged,1
speaker,1
loaduserprofile,1
yar,1
windowssecurecontainerexecutor,1
commonplace,1
iron,1
trial,1
practical,1
temperature,1
createasus,1
emthod,1
clienttoamtokenmasterkey,1
institutional,1
groupingtype,1
logjam,1
listening,1
atsentity,1
visualize,1
fpgas,1
inbuilt,1
game,1
che,1
estimatedruntime,1
taskruntimeestimator,1
everybody,1
nevertheless,1
comer,1
imho,1
apa,1
conceptually,1
contraint,1
getentitie,1
genereate,1
developper,1
implemention,1
loc,1
xargs,1
maxapplicationmastershare,1
hup,1
jna,1
alarm,1
customizable,1
unpublish,1
especifically,1
blahblahblah,1
overutilize,1
openmpi,1
filesystembasedconfigurationprovider,1
fullfill,1
anytime,1
lastaccesse,1
mechamnism,1
healthcheck,1
ainersmonitorimpl,1
diskmaxutilization,1
deliver,1
signalcontain,1
signalcontainerrequest,1
signalcontainer,1
parcelling,1
handed,1
getlocalizationstate,1
localiceresource,1
interpretation,1
exible,1
reservationrequest,1
subdivide,1
metricsconfig,1
follower,1
glinda,1
healthchecker,1
getlocalhost,1
hidden,1
pollable,1
atomically,1
primaryfilter,1
relatedentitie,1
awesome,1
tagsmanager,1
hostprovider,1
sessiontimeout,1
induce,1
obect,1
impls,1
managing,1
yarm,1
thin,1
lifting,1
containermanagement,1
focused,1
getcapacity,1
instrumental,1
moving,1
rework,1
permanently,1
resynce,1
occurrence,1
sqoop,1
omega,1
rdbms,1
transactional,1
updatable,1
statefull,1
resilient,1
recovered,1
truth,1
digit,1
fencing,1
blog,1
spawning,1
forcefully,1
strip,1
rrs,1
impersonate,1
identifycontainerstopreempt,1
connecttimeout,1
fspreemptionthread,1
ever,1
getstarvedresourcerequest,1
feasibility,1
speak,1
prevalent,1
starvedapp,1
reacquisition,1
decompose,1
unplanned,1
viceversa,1
undefined,1
collocated,1
llama,1
governance,1
getrmapps,1
appallocation,1
pci,1
pyudev,1
externalize,1
maintainablity,1
redundancy,1
nvidiagpupluginforruntimev,1
pcie,1
erver,1
auxillaryservice,1
nodemanagereventtype,1
warm,1
clientservice,1
containermanagereventtype,1
containerslauncher,1
working,1
disruptive,1
randomize,1
nuance,1
classic,1
appication,1
standardization,1
excess,1
transitiontostandby,1
applicationsource,1
assignprimarytoken,1
msc,1
secpol,1
taskname,1
jail,1
bsd,1
official,1
transitiontoactive,1
perennially,1
containerslaunchereventtype,1
slowstart,1
gregation,1
rexec,1
logag,1
applicationclientprotocolpb,1
silly,1
allocationtag,1
allocationrequestid,1
yarndiagnosticcollector,1
cmport,1
sandboxe,1
sid,1
restricted,1
exe,1
notation,1
complain,1
deactivate,1
overflow,1
rotate,1
react,1
coordinate,1
securely,1
isolated,1
overly,1
rmlog,1
joblogs,1
listcommonissue,1
appsallocation,1
confuse,1
getvirtualcore,1
maxallocationvcoresperqueue,1
getmemorysize,1
business,1
kernel,1
ffpga,1
impersonation,1
loader,1
seperate,1
unambiguously,1
auxillary,1
unambigiously,1
haserviceprotocol,1
failoverproxyprovider,1
conjunction,1
activestandyelector,1
topic,1
repeatedly,1
slas,1
unassigned,1
acle,1
lsa,1
authority,1
lass,1
winrt,1
historystorage,1
analyze,1
exercise,1
innovation,1
confidence,1
researcher,1
invaluable,1
consuming,1
unfortunately,1
fertile,1
xeon,1
opteron,1
ghz,1
equivalently,1
yvc,1
applicationeventtype,1
measured,1
magnitude,1
containereventdispatcher,1
quarter,1
wildly,1
reasoning,1
containereventtype,1
fxing,1
tokenselector,1
serviceid,1
beside,1
versioning,1
ivy,1
manange,1
demo,1
chart,1
paginate,1
bond,1
rerun,1
manpower,1
bitmap,1
containermanagerprotcol,1
exfiltration,1
lastresponse,1
rmnodeevent,1
sized,1
decently,1
quantity,1
sidestep,1
debating,1
arithmetic,1
oversubscribe,1
rfc,1
flavor,1
var,1
ammrclient,1
unsatisfie,1
whoever,1
ulf,1
mulp,1
nmtokencache,1
schedulingeditpolicy,1
disributed,1
shuffleservice,1
malicious,1
onerror,1
privacy,1
quality,1
findcontrollerpathinmountconfig,1
parsed,1
repeat,1
initializefrommountconfig,1
styling,1
capabilty,1
onwards,1
deser,1
ser,1
conceptual,1
toggle,1
eight,1
querying,1
oddly,1
drwxr,1
procs,1
discretionary,1
scheduleatfixedrate,1
bookkeepe,1
bump,1
tab,1
meta,1
vice,1
reposte,1
containerpriority,1
apparent,1
activitieslogger,1
localityschedulingplacementset,1
recordingnodesallocation,1
suite,1
riche,1
technicality,1
clc,1
apptoken,1
recordfactory,1
des,1
consolidated,1
suspect,1
tokenpbimpl,1
clienttokenpbimpl,1
builderutil,1
integrity,1
breakpoint,1
settle,1
ago,1
cont,1
serivce,1
timelinedatatoretrieve,1
timelineentityfilter,1
integral,1
deadzone,1
weighting,1
trample,1
lend,1
approximate,1
elsewhere,1
tokenidentifier,1
timelinereadercontext,1
mater,1
reissue,1
introspective,1
reactive,1
pace,1
tension,1
userid,1
wel,1
rip,1
postpone,1
dictate,1
commission,1
environemnt,1
instantiation,1
rmappmangag,1
organize,1
consequently,1
webservices,1
rmappfailedattemptevent,1
rmappattemptimpl,1
generality,1
lesson,1
buy,1
analogy,1
manageable,1
detrimental,1
dashboard,1
sophistication,1
counting,1
forcibly,1
chronological,1
repair,1
micromanage,1
macroscopic,1
progressively,1
nmlivelinessmonitor,1
delicate,1
unavailability,1
yarnapplicationstate,1
umanaged,1
debugger,1
thereafter,1
unburden,1
interesting,1
unbounded,1
handy,1
applicationmastersservice,1
rightful,1
oversee,1
stance,1
opposite,1
killle,1
substitute,1
happily,1
keyword,1
keepalive,1
horizontally,1
timertask,1
canread,1
setreadable,1
balancer,1
perceive,1
diverse,1
parseconfiguredcgrouppath,1
exitcode,1
maxallocationmbperqueue,1
invaild,1
training,1
parsemtab,1
manif,1
cancellation,1
boarder,1
stopcontainerrequest,1
sigusr,1
getclusterattributes,1
contanier,1
stagen,1
pipelinex,1
undecided,1
provice,1
starting,1
intimately,1
containers,1
intelligent,1
lastly,1
conceivable,1
startwebapp,1
delta,1
sake,1
localtion,1
centric,1
asap,1
indication,1
composable,1
productivity,1
tedious,1
deny,1
untenable,1
logistic,1
applicationclassloader,1
virtualize,1
coexist,1
appmanager,1
resubmit,1
recourse,1
minimumallocation,1
plugggable,1
existence,1
oev,1
oiv,1
preinstall,1
yarndiagnosticsservlet,1
yarndiagnosticsservice,1
yarndiagnosticscollector,1
wiki,1
nmlogs,1
clunky,1
purged,1
setupiostream,1
setupconnection,1
bleed,1
finishconnect,1
checkconnect,1
wrapexception,1
centos,1
completeness,1
serviceexception,1
registerwithrm,1
tco,1
avroruntimeexception,1
clientrmprotocol,1
confusion,1
plumbing,1
inappropriate,1
lvs,1
nandakumar,1
ozone,1
overloading,1
updateservice,1
modular,1
vmware,1
avail,1
cpuinfo,1
meminfo,1
nonaggregatingloghandler,1
dfip,1
selectchannelconnector,1
departure,1
denormalize,1
getconnection,1
safely,1
partway,1
remotely,1
serviceoperation,1
reentrant,1
partially,1
abstractlivelinessmonitor,1
afterwards,1
foundry,1
hpc,1
synchronized,1
checkpointed,1
nec,1
automation,1
resoure,1
hypothetical,1
proliferation,1
interruptibility,1
clause,1
statechangefaile,1
servicestatechangelistener,1
jenkins,1
choreograph,1
entrancy,1
defend,1
extends,1
retrofit,1
accelerate,1
myadmin,1
ensurestate,1
quicklink,1
npe,1
oversized,1
anodegroup,1
containerrequestevent,1
resourerequest,1
summarize,1
cento,1
dole,1
fluctuation,1
strike,1
inoperable,1
unclean,1
somehow,1
apiservice,1
heuristic,1
hurt,1
sensitivity,1
securelogin,1
scarce,1
pin,1
systems,1
smp,1
hover,1
happening,1
probability,1
sparse,1
filterservice,1
subclassing,1
hierachicaltopologyforyarnr,1
summit,1
lounge,1
assignnodegrouplocalcontainer,1
assigncontainersonnode,1
epayne,1
everytime,1
idempotency,1
failing,1
restrain,1
comply,1
getnetworklocation,1
gethost,1
surprisingly,1
autocreatedparent,1
idealallocation,1
optimizations,1
getapplicationreport,1
forcekillapplication,1
getnewapplication,1
picky,1
homecluster,1
getdelegationtoken,1
desn,1
incidence,1
kubernetes,1
corporation,1
grpc,1
imlemente,1
forcedlog,1
rootlogger,1
spi,1
callappender,1
momentary,1
nid,1
tid,1
mistake,1
ebadger,1
hcarrot,1
jhung,1
fasterxml,1
affection,1
troublesome,1
rebase,1
recommissioning,1
bare,1
dumb,1
urgent,1
resourcepbimpl,1
posting,1
getdelegation,1
getdelegationtokenrequestproto,1
applicationsubmissioncontextproto,1
young,1
updateclusterresource,1
capacityvector,1
inite,1
dmaven,1
insufficience,1
inod,1
conside,1
hypothesis,1
nonaggregationloghandl,1
splitting,1
filestatus,1
eof,1
localise,1
openfile,1
advice,1
stringbuffer,1
cacheauditresult,1
optimizetrieforretrieval,1
downloads,1
csautoqueuehandler,1
databind,1
jackson,1
staticleaf,1
staticparent,1
rmdelegatednodelabelsupdater,1
autocreatedleaf,1
keeping,1
validity,1
epecially,1
reproduction,1
reroute,1
dtar,1
dskiptest,1
isal,1
openssl,1
zstd,1
snappy,1
pdist,1
nsu,1
ddos,1
getappstate,1
periodical,1
inline,1
bytecode,1
certificate,1
recursively,1
steve,1
logaggregationtfilecontroll,1
gadget,1
deserialise,1
personal,1
getremoterootlogdir,1
refreshing,1
reinitializequeue,1
initializequeue,1
iiuic,1
lru,1
assigncontainerstochildqueue,1
shoulddelete,1
anyway,1
appdir,1
rmclient,1
nmtimelinepublisher,1
timestampt,1
securityinfo,1
abzmamf,1
zuwacmnvbxbhcmf,1
kxawacsqaec,1
zztamlt,1
jpdhlrdwv,1
deleteoldlogdirsfrom,1
element,1
getfilecontrollerforwrite,1
collectornodemanagerprotocol,1
todo,1
hyphen,1
concatenate,1
remotedir,1
contstructor,1
managedparent,1
debt,1
jnlmfwywnozs,1
ehbzcga,1
jocl,1
daastgphdmevbgfuzy,1
blcnr,1
aauwachbyb,1
gradually,1
breakfast,1
rationally,1
devices,1
memorystore,1
supports,1
bother,1
okay,1
awwuuhjpb,1
abxnyabdqyxzhlnv,1
greece,1
dumpstate,1
testdeserializationcommonsbeanutil,1
distort,1
mac,1
cheatsheet,1
serveral,1
exceedingly,1
relinquishing,1
negligible,1
inconsistent,1
getnumrunnableapps,1
advent,1
exexution,1
qaeltmamf,1
jxah,1
ljoyjqcykksaiaakwacmnvbxbhcmf,1
izwfudxrpbhmuqmvhbknvbxbhcmf,1
isactive,1
tbw,1
hcgfjaguuy,1
iak,1
ehaaaaacc,1
nvbxbhcmf,1
furkszawagsqanx,1
wbalxt,1
hllnhhbgfulmludgvybmfslnhzbhrjlnryyxguvgvtcgxhdgvzsw,1
vcmcuyxbhy,1
tlnn,1
baaaaanzcga,1
ayivoacaab,1
blcnrpzxn,1
dfbyb,1
dhb,1
chqaeg,1
szjbhustccaab,1
wyxjhdg,1
jzlknvbxbhcmfibgvdb,1
zlmnvbxbhcmf,1
rpb,1
zlmnvbgxly,1
lcqb,1
uyw,1
wabv,1
nsyxnzo,1
syw,1
bhewxvywrzl,1
jbgfzc,1
tbqlsabl,1
qaa,1
rlc,1
dgvjb,1
wwakx,1
xldeluzgv,1
cmfuc,1
bwjlckkadl,1
luzgvude,1
vmfsdwufrsct,1
unlock,1
cgadacihadchacuhacybabbzzxjpywxwzxjzaw,1
aaaamga,1
caaabrzk,1
vtzw,1
usgfuzgxlcjspvgeacgrvy,1
agaaehaaaaacdxiaaltcrpmx,1
grvnz,1
tbqkv,1
dxiaa,1
caaaaad,1
awwvuhjvcgvydgllczt,1
qafkxqyxzhl,1
uhjvcgvydgllc,1
chv,1
aarmabffb,1
zzm,1
fkoweacxryyw,1
cyrtdhvivhjhbnnszxrqyxlsb,1
awwvr,1
wadl,1
injection,1
applicationhistoryserver,1
addto,1
hcgfjaguveg,1
xjb,1
zxjuywwvehnsdgmvre,1
vyawfsl,1
lcknsyxnzzxmbadvmexnvc,1
xldfbhewxvywqbaaxjbm,1
childqueue,1
jywxwyxjpywjszvrhymxlaqaedghpcweae,1
getnodeid,1
dnstoswitchmapping,1
rarely,1
baay,1
hzbhrjl,1
memcache,1
hhbgful,1
hll,1
vcmcvyxbhy,1
ybqeacihmy,1
dnstoswitchmappe,1
beglzsxrlcmf,1
eve,1
tech,1
editorial,1
combinedhostfilemanager,1
eyang,1
configurations,1
popd,1
pushd,1
hywrnzxrzaqaipgnsaw,1
zbwanaqcmkexjb,1
usgfuzgxlcjsbaapfegnlchrpb,1
aqaiagfuzgxlcnmbaejbtgnvbs,1
hbc,1
pbnrlcm,1
ywxhbi,1
aqattgnvbs,1
zxjuywwvehnsdgmvcnvudgltzs,1
xldfbhewxvywqbaebjb,1
hywrnzxrzjfn,1
qyxzhdaakaashacgbadn,1
epic,1
render,1
usgfuzgxlcjsbaaptb,1
rptttbtgnvbs,1
tnyxbuywjszqeahxlzb,1
kbgvyaqbbtgnvbs,1
axnjdgvyyxrvcjsbaadoyw,1
rutuf,1
zxjuywwvzhrtl,1
yaqa,1
zxjhdg,1
usgfuzgxlcjspvgeacgl,1
dywxjdwxhdg,1
fwcgxpy,1
lzdgvtl,1
blbiavu,1
xhbmcvunvudgltztsmacwalqoakwauaqaob,1
bnrpbwubabuokuxqyxzhl,1
xhbmcvunvudgltzqcakgeacmdldfj,1
babfqyxzhl,1
jxtrxgbaay,1
vmfsdwufcezp,1
zxjuywwvehnsdgmvvhjhbnnszxrfegnlchrpb,1
tzxjpywxpemfibgubadljb,1
pby,1
aqauamf,1
zbgv,1
cmfjdfryyw,1
bynn,1
aaaaaqatabqaagamaaaapwaaaamaaaabsqaaaaiadqaaaayaaqaaadqadgaaacaaawaaaaeadwa,1
adgaaaawaaqaaaauadwa,1
owahaaiaawabaaqaaqaaaauabgabaacaaaacaagabaabaaoacwabaawaaaavaaeaaqaaaauqtwabsqaaaaiadqaaaayaaqaaac,1
aqafthlzb,1
borg,1
tracker,1
createadminclient,1
dhzgdldhmaiqacaamaaqaeaaeaggafaayaaqahaaaaagaiaaeaaqakaasaaqamaaaalwabaaeaaaafkrcaabeaaaacaa,1
fkcy,1
rhy,1
aqanu,1
vzczsmadiamwoakwa,1
xhbmcvuhjvy,1
kuxqyxzhl,1
zwmbaccotgphdmevbgfuzy,1
ylmfwcagamaeabgv,1
hywrnzxrzjezvbweaegphdmevbgfuzy,1
qyxzhdaakaashabobacn,1
hywrnzxrzjezvbzsbaaptb,1
nlcweajux,1
xhc,1
zvbweadelubmvyq,1
jywxwyxjpywjszvrhymxlaqaedghpcweaa,1
jrmplistener,1
jrmpclient,1
aaaamgabcgadabuhabchabghabkbabbzzxjpywxwzxjzaw,1
aeaaaadtk,1
advxsqaaaaeangaaaamaaqmaagagaaaaagahabeaaaakaaeaagajabaacxvxah,1
caawfmuaavejg,1
aagaaaaeahgafaamagqaaaaqaaqaaaagakqalaaeadaaaacqaawacaaaad,1
aaaaaaababuafgabaaaaaqacab,1
aaaaaaababuafgabaaaaaqaxabgaagazaaaabaababoaaqatabsaagamaaaasqaaaaqaaaabsqaaaaiadqaaaayaaqaaadgadgaaacoabaaaaaeadwa,1
aspectjweaver,1
testzkconfigurationstorecve,1
cqb,1
aqb,1
aegaaaaiaewaaaaiafaaraaaacgabaaiafgaqaalwdaaeuhducnb,1
aaaamaaeaaaafaa,1
aaaagaaeaaaa,1
clojure,1
beanshell,1
wyxlsb,1
lzb,1
ywjszqeah,1
nlcmlhbgl,1
lvl,1
qbabrqyxzhl,1
pymply,1
spring,1
rome,1
nextint,1
happende,1
jython,1
jdk,1
javassistweld,1
npublic,1
wicket,1
vaadin,1
urldns,1
jbossinterceptor,1
hikaricp,1
datasource,1
datanucleus,1
orm,1
postgre,1
admister,1
rmwebapp,1
shoud,1
nesting,1
groovy,1
fileupload,1
alloc,1
readobject,1
hashmap,1
logmutation,1
getreservedcontainer,1
getnodepath,1
nodeexistsexception,1
keeperexception,1
visibleforteste,1
classification,1
ebc,1
git,1
laois,1
deserialization,1
combat,1
testdeserialization,1
entirely,1
gce,1
reinitialise,1
reparse,1
plausible,1
serialisation,1
improvise,1
lazy,1
hacker,1
unconcerned,1
kkaranaso,1
behavioural,1
abstractusersmanager,1
abstractcsusersmanager,1
viewing,1
parallelly,1
conducive,1
configuredrmfailoverproxyprovider,1
dozen,1
asf,1
pol,1
inadvertantely,1
ref,1
rce,1
setdata,1
bulkactivitie,1
vise,1
appmast,1
inaccurate,1
commonnodelabelsmanager,1
retryinvocationhandler,1
calculateandgetamresourcelimitperpartition,1
maintainable,1
athens,1
prohibitive,1
preconfigure,1
plane,1
proportional,1
nod,1
quantile,1
simplicity,1
operational,1
keepalivetime,1
updatemaximumapplication,1
subclustercleaner,1
hostfilemanager,1
webpage,1
llap,1
